[
    {
        "id": "60db6618.c710d8",
        "type": "tab",
        "label": "Rice Crop Infection Prediction",
        "disabled": false,
        "info": ""
    },
    {
        "id": "a1b7ed92.10e92",
        "type": "function",
        "z": "60db6618.c710d8",
        "name": "",
        "func": "msg.params={\"classifier_ids\":\"DefaultCustomModel_76XXXXXX2\"}\nreturn msg;",
        "outputs": 1,
        "noerr": 0,
        "initialize": "",
        "finalize": "",
        "x": 380,
        "y": 200,
        "wires": [
            [
                "6e748489.a70dfc"
            ]
        ]
    },
    {
        "id": "da8c599f.edd838",
        "type": "ui_template",
        "z": "60db6618.c710d8",
        "group": "493dedee.cfaf34",
        "name": "",
        "order": 1,
        "width": "25",
        "height": "11",
        "format": "<!DOCTYPE html>\n<html lang=\"en\">\n<head>\n  <title>IBM Visual Recognition</title>\n  <meta charset=\"utf-8\">\n  <meta name=\"viewport\" content=\"width=device-width, initial-scale=1\">\n   <link rel=\"stylesheet\" href=\"https://maxcdn.bootstrapcdn.com/bootstrap/4.3.1/css/bootstrap.min.css\">\n  <script src=\"https://ajax.googleapis.com/ajax/libs/jquery/3.4.1/jquery.min.js\"></script>\n  <script src=\"https://cdnjs.cloudflare.com/ajax/libs/popper.js/1.14.7/umd/popper.min.js\"></script>\n  <script src=\"https://maxcdn.bootstrapcdn.com/bootstrap/4.3.1/js/bootstrap.min.js\"></script>\n  <style>\n  .bg-light {\n     \n    background-color: #53a813!important;\n    border-color:#53a813!important;\n\t}\n\th4 {\n    color: #111111 !important;\n    <!background-color: #53a813 !important;>\n    }\n\t\n\t.custom-file {\n\t\tmargin-bottom: 14px;\n\t\t}\n\t\t\n\t.table .thead-dark th {\n\t\tcolor: #fff;\n\t\tbackground-color: #99b584;\n\t\tborder-color: #99b584;\n\t}\n\th5{\n\t    text-align: center;\n\t\t    color: #EB9E30;\n\t\t}\n\t\t.text-center {\n\t\t  text-align: center;\n\t\t}\n\t.imgdiv\n\t{\n\t\talign:center;\n\t}\n\t</style>\n</head>\n<body>\n\t<nav class=\"navbar navbar-expand-sm bg-light\">\n\t\t<div class=\"justify-content-center\">\n\t\t\t<h4 class=\"text-center\">Rice Crop Infection Prediction Using IBM Visual Recognition </h4>\n\t\t</div>\n\t</nav>\n\t<br><br>\n    <div class=\"container\">\n\t\t<div class=\"row\">\n\t\t\t<div class=\"col-sm-2\">\n\t\t\t</div>\n\t\t\t<div class=\"col-sm-8\">\n\t\t\t\t\n\t\t\t\t\t<div class=\"custom-file\">\n\t\t\t\t\t\n\t\t\t\t\t\t<input type=\"file\" name=\"pic\" accept=\"image/*\" onchange=\"readURL(this);\" class=\"custom-file-input\" id=\"customFile\">\n\t\t\t\t\t\t\n\t\t\t\t\t\t<label class=\"custom-file-label\" for=\"customFile\">Choose file</label>\n\t\t\t\t\t</div>\n\t\t\t\t\t<br>\n\t\t\t\t\t<div class=\"imgdiv\">\n\t\t\t\t\t\t<img src=\"#\" id=\"blah\" class=\"rounded\" alt=\"Selected Image\">\n\t\t\t\t\t</div>\n\t\t\t\t\t<!--<md-button ng-click=\"send({payload:action()})\">\n\t\t\t\t\t\tPredict\n\t\t\t\t\t</md-button>-->\n\t\t\t\t\t<button type=\"submit\" ng-click=\"send({payload:action()})\" class=\"btn btn-success\">Submit</button>\n\t\t\t\t\n\t\t\t\t\n\t\t\t</div>\n\t\t\t<div class=\"col-sm-2\">\n\t\t\t</div>\n\t\t</div>\n\t\t<div class=\"row\">\n\t\t\t<div class=\"col-sm-2\">\n\t\t\t</div>\n\t\t\t<div class=\"col-sm-8\">\n\t\t\t<h5> Crop Infection Detected  </h5>\n\t\t\t<table class=\"table\">\n\t\t\t\t<thead class=\"thead-dark\">\n\t\t\t\t  <tr>\n\t\t\t\t\t<th>Infected</th>\n\t\t\t\t\t<th>Infection Type</th>\n\t\t\t\t\t<th>Score</th>\n\t\t\t\t  </tr>\n\t\t\t\t</thead>\n\t\t\t\t<tbody id=\"scoretable\">\n\t\t\t\t</tbody>\n\t\t\t  </table>\n\t\t\t  \n\t\t\t </div>\n\t\t\t<div class=\"col-sm-2\">\n\t\t\t</div>\n    </div>\t\n</body>\n</html>\n<script>\nvar x=\"\";\n    function readURL(input) {\n        if (input.files && input.files[0]) {\n            var reader = new FileReader();\n\n            reader.onload = function (e) {\n                $('#blah')\n                    .attr('src', e.target.result)\n                    .width(150)\n                    .height(200);\n            };\n\n            reader.readAsDataURL(input.files[0]);\n            x= input.files[0]\n\n            \n            \n\n        }\n    }\n    function getdata(data)\n\t{\n\t\t var html = '';\n            if(data != 0)\n\t\t\t{\n\t\t\t\t$.each(data, function(i){\n\t\t\t\tvar row = data[i];\n\t\t\t\tconsole.log(row);\n\t\t\t\thtml += '<tr>';\n\t\t\t\thtml += '<td>';\n\t\t\t\thtml +=  row.infectected;\n\t\t\t\thtml += '</td>';\n\t\t\t\thtml += '<td>';\n\t\t\t\thtml +=  row.class;\n\t\t\t\thtml += '</td>';\n\t\t\t\thtml += '<td>';\n\t\t\t\thtml +=  row.score;\n\t\t\t\thtml += '</td>';\n\t\t\t\thtml += '</tr>';\n\t\t\t});\n\t\t\t}\n\t\t\telse\n\t\t\t\thtml+=\"<div>No Data</div>\";\n\t\t\t$('#scoretable').html(html);\n\t}\n    (function(scope) {\n        scope.$watch('msg.payload', function(data) {\n            console.log('Position 2');\n            console.dir(data);\n            getdata(data);\n\n        });\n    })(scope);\n    \n    \n// or overwrite value in your callback function ...\nthis.scope.action = function() { return x; }\n\n</script>",
        "storeOutMessages": true,
        "fwdInMessages": true,
        "resendOnRefresh": false,
        "templateScope": "local",
        "x": 200,
        "y": 200,
        "wires": [
            [
                "a1b7ed92.10e92"
            ]
        ]
    },
    {
        "id": "f0720916.a28f58",
        "type": "debug",
        "z": "60db6618.c710d8",
        "name": "",
        "active": true,
        "tosidebar": true,
        "console": false,
        "tostatus": false,
        "complete": "true",
        "targetType": "full",
        "statusVal": "",
        "statusType": "auto",
        "x": 610,
        "y": 300,
        "wires": []
    },
    {
        "id": "6e748489.a70dfc",
        "type": "visual-recognition-v3",
        "z": "60db6618.c710d8",
        "name": "",
        "vr-service-endpoint": "https://api.us-south.visual-recognition.watson.cloud.ibm.com/instances/bbXXXXXXXXXXXXXXXXXX3d4e",
        "image-feature": "classifyImage",
        "lang": "en",
        "x": 590,
        "y": 200,
        "wires": [
            [
                "8209b238.9cd7c"
            ]
        ]
    },
    {
        "id": "8209b238.9cd7c",
        "type": "function",
        "z": "60db6618.c710d8",
        "name": "",
        "func": "msg.payload = msg.result.images[0].classifiers[0].classes;\nif (msg.payload[0].class != \"Normal\")\n    {\n    msg.payload[0].infectected = \"Yes\"\n    }\nelse \n    {\n    msg.payload[0].infectected = \"No\"\n    msg.payload[0].class = \"None\"\n    }\nreturn msg;",
        "outputs": 1,
        "noerr": 0,
        "initialize": "",
        "finalize": "",
        "x": 380,
        "y": 300,
        "wires": [
            [
                "f0720916.a28f58",
                "da8c599f.edd838"
            ]
        ]
    },
    {
        "id": "493dedee.cfaf34",
        "type": "ui_group",
        "z": "",
        "name": "Default",
        "tab": "c2e1e57e.980fa8",
        "order": 1,
        "disp": false,
        "width": "27",
        "collapse": false
    },
    {
        "id": "c2e1e57e.980fa8",
        "type": "ui_tab",
        "z": "",
        "name": "IBM Visual Recognition",
        "icon": "dashboard",
        "disabled": false,
        "hidden": true
    }
]